,track_name,by,feature,album_name,album_image,release_date,album_popularity,duration,playlist
0,I've Been Waiting (w/ ILoveMakonnen & Fall Out Boy),Lil Peep,"['ILOVEMAKONNEN', 'Fall Out Boy']",I've Been Waiting (w/ ILoveMakonnen & Fall Out Boy),https://i.scdn.co/image/ab67616d0000b2739067de29733d1ecf1b87e583,2019-01-31,75,233,2019
1,Hopeless Romantic (feat. Swae Lee),Wiz Khalifa,['Swae Lee'],Hopeless Romantic (feat. Swae Lee),https://i.scdn.co/image/ab67616d0000b273d7bd17179a6c41ddbddbd4bd,2018-06-21,53,225,2019
2,Moonlight,XXXTENTACION,,?,https://i.scdn.co/image/ab67616d0000b273806c160566580d6335d1f16c,2018-03-16,86,135,2019
3,Lover Boy,Phum Viphurit,,Lover Boy,https://i.scdn.co/image/ab67616d0000b273ebefdcb9f6e825e8582bbac4,2018-03-22,67,236,2019
4,SAD!,XXXTENTACION,,?,https://i.scdn.co/image/ab67616d0000b273806c160566580d6335d1f16c,2018-03-16,87,166,2019
5,Lean Wit Me,Juice WRLD,,Goodbye & Good Riddance,https://i.scdn.co/image/ab67616d0000b273f7db43292a6a99b21b51d5b4,2018-12-10,82,175,2019
6,Señorita,Shawn Mendes,['Camila Cabello'],Señorita,https://i.scdn.co/image/ab67616d0000b273e6095c382c2853667c1623eb,2019-06-21,87,190,2019
7,Cross Me (feat. Chance the Rapper & PnB Rock),Ed Sheeran,"['Chance the Rapper', 'PnB Rock']",Cross Me (feat. Chance the Rapper & PnB Rock),https://i.scdn.co/image/ab67616d0000b273f1d4fe9b36aa7be708ea44ea,2019-05-24,73,206,2019
8,Sunflower - Spider-Man: Into the Spider-Verse,Post Malone,['Swae Lee'],Spider-Man: Into the Spider-Verse (Soundtrack From & Inspired by the Motion Picture),https://i.scdn.co/image/ab67616d0000b273e2e352d89826aef6dbd5ff8f,2018-12-14,86,158,2019
9,whoa (mind in awe),XXXTENTACION,,SKINS,https://i.scdn.co/image/ab67616d0000b273da9e59639a9759d8952890c6,2018-12-07,74,157,2019
10,Hide (feat. Seezyn),Juice WRLD,['Seezyn'],Spider-Man: Into the Spider-Verse (Soundtrack From & Inspired by the Motion Picture),https://i.scdn.co/image/ab67616d0000b273e2e352d89826aef6dbd5ff8f,2018-12-14,77,205,2019
11,Slide (feat. Frank Ocean & Migos),Calvin Harris,"['Frank Ocean', 'Migos', 'Funk Wav']",Funk Wav Bounces Vol.1,https://i.scdn.co/image/ab67616d0000b2734d3fa5ce7ba599f4fd7803ef,2017-06-30,70,230,2019
12,Noticed,Lil Mosey,,Northsbest,https://i.scdn.co/image/ab67616d0000b2738314a1eef415b654f433f3aa,2018-10-19,4,165,2019
13,Space Cadet (feat. Gunna),Metro Boomin,['Gunna'],NOT ALL HEROES WEAR CAPES (Deluxe),https://i.scdn.co/image/ab67616d0000b2732887f8c05b5a9f1cb105be29,2018-11-06,78,203,2019
14,Used To,Juice WRLD,,Goodbye & Good Riddance,https://i.scdn.co/image/ab67616d0000b273f7db43292a6a99b21b51d5b4,2018-12-10,74,176,2019
15,Waiting For Love,Avicii,,Stories,https://i.scdn.co/image/ab67616d0000b2735393c5d3cac806092a9bc468,2015-10-02,79,230,2019
16,Red Rubies,88rising,"['Rich Brian', 'Yung Bans', 'Yung Pinch', 'Higher Brothers', 'Don Krez']",Head In The Clouds,https://i.scdn.co/image/ab67616d0000b2734aedbebc17bc6ebccad220e9,2018-07-20,45,243,2019
17,My Bad,Khalid,,Free Spirit,https://i.scdn.co/image/ab67616d0000b273b361ce46dbadbf8a11081b60,2019-04-05,64,163,2019
18,Lucid Dreams,Juice WRLD,,Goodbye & Good Riddance,https://i.scdn.co/image/ab67616d0000b273f7db43292a6a99b21b51d5b4,2018-12-10,90,239,2019
19,High Right Now,Tyla Yaweh,,Heart Full of Rage,https://i.scdn.co/image/ab67616d0000b2736a59c3251231317dfdb9cd9c,2019-02-22,72,163,2019
20,Revenge,XXXTENTACION,,17,https://i.scdn.co/image/ab67616d0000b273203c89bd4391468eea4cc3f5,2017-08-25,77,120,2019
21,Close To Me (with Diplo) (feat. Swae Lee),Ellie Goulding,"['Diplo', 'Swae Lee']",Close To Me (feat. Swae Lee),https://i.scdn.co/image/ab67616d0000b273dd640dbca55836e23894212a,2018-10-24,77,182,2019
22,Summertime In Paris,Jaden,['WILLOW'],ERYS (Deluxe),https://i.scdn.co/image/ab67616d0000b27360ec4df52c2d724bc53ffec5,2019-07-05,77,270,2019
23,Talk To Myself,Avicii,,Stories,https://i.scdn.co/image/ab67616d0000b2735393c5d3cac806092a9bc468,2015-10-02,53,235,2019
24,Lover Boy 88,88rising,"['Phum Viphurit', 'Higher Brothers']",Head In The Clouds,https://i.scdn.co/image/ab67616d0000b2734aedbebc17bc6ebccad220e9,2018-07-20,55,233,2019
25,Middle,DJ Snake,['Bipolar Sunshine'],Encore,https://i.scdn.co/image/ab67616d0000b273212d776c31027c511f0ee3bc,2016-08-05,76,220,2019
26,BAD!,XXXTENTACION,,SKINS,https://i.scdn.co/image/ab67616d0000b273da9e59639a9759d8952890c6,2018-12-07,70,94,2019
27,Touch Me,Avicii,,Stories,https://i.scdn.co/image/ab67616d0000b2735393c5d3cac806092a9bc468,2015-10-02,51,186,2019
28,Peach Jam,88rising,"['Joji', 'BlocBoy JB']",Head In The Clouds,https://i.scdn.co/image/ab67616d0000b2734aedbebc17bc6ebccad220e9,2018-07-20,62,161,2019
29,I THINK,"Tyler, The Creator",,IGOR,https://i.scdn.co/image/ab67616d0000b2737005885df706891a3c182a57,2019-05-17,73,212,2019
30,Keanu Reeves,Logic,,Keanu Reeves,https://i.scdn.co/image/ab67616d0000b273c27ad6f3930a857177ba33dc,2019-01-18,2,225,2019
31,Caught Up (feat. Khalid),Majid Jordan,['Khalid'],Caught Up (feat. Khalid),https://i.scdn.co/image/ab67616d0000b2738abe0e9dae9f218368dfb3b5,2019-07-24,70,247,2019
32,Breathe,88rising,"['Joji', 'Don Krez']",Breathe,https://i.scdn.co/image/ab67616d0000b27321cea5ed05c99d9f132c6cac,2019-09-12,2,125,2019
33,Jocelyn Flores,XXXTENTACION,,17,https://i.scdn.co/image/ab67616d0000b273203c89bd4391468eea4cc3f5,2017-08-25,88,119,2019
34,Gemini,Tyla Yaweh,,Heart Full of Rage,https://i.scdn.co/image/ab67616d0000b2736a59c3251231317dfdb9cd9c,2019-02-22,56,186,2019
35,Eastside (with Halsey & Khalid),benny blanco,"['Halsey', 'Khalid']",Eastside (with Halsey & Khalid),https://i.scdn.co/image/ab67616d0000b2733154f0bdf9a17385d7afc6ba,2018-07-12,81,173,2019
36,Midsummer Madness,88rising,"['Joji', 'Rich Brian', 'Higher Brothers', 'AUGUST 08']",Head In The Clouds,https://i.scdn.co/image/ab67616d0000b2734aedbebc17bc6ebccad220e9,2018-07-20,76,280,2019
37,Find U Again (feat. Camila Cabello),Mark Ronson,['Camila Cabello'],Find U Again (feat. Camila Cabello),https://i.scdn.co/image/ab67616d0000b27318911141cdfc2a1c59169ade,2019-05-30,70,176,2019
38,Addicted To You,Avicii,,True,https://i.scdn.co/image/ab67616d0000b2734cfcceb6f9b1aae8752810e7,2013-09-13,69,148,2019
39,EARFQUAKE,"Tyler, The Creator",,IGOR,https://i.scdn.co/image/ab67616d0000b2737005885df706891a3c182a57,2019-05-17,82,190,2019
40,Swimming Pool,88rising,"['Higher Brothers', '03 Greedo']",Head In The Clouds,https://i.scdn.co/image/ab67616d0000b2734aedbebc17bc6ebccad220e9,2018-07-20,41,272,2019
41,Better,Khalid,,Free Spirit,https://i.scdn.co/image/ab67616d0000b273b361ce46dbadbf8a11081b60,2019-04-05,66,229,2019
42,Salute (feat. French Montana),Tyla Yaweh,['French Montana'],Heart Full of Rage,https://i.scdn.co/image/ab67616d0000b2736a59c3251231317dfdb9cd9c,2019-02-22,62,182,2019
43,Everybody Dies In Their Nightmares,XXXTENTACION,,17,https://i.scdn.co/image/ab67616d0000b273203c89bd4391468eea4cc3f5,2017-08-25,84,95,2019
44,Katharsis,TK from Ling tosite sigure,,Katharsis,https://i.scdn.co/image/ab67616d0000b27383a0a177ac01d893a9fe1e0f,2018-11-21,63,262,2019
45,MIDDLE CHILD,J. Cole,,MIDDLE CHILD,https://i.scdn.co/image/ab67616d0000b2737f37a4001ae7d8be430bd91b,2019-01-23,83,213,2019
46,Hundred,Khalid,,Free Spirit,https://i.scdn.co/image/ab67616d0000b273b361ce46dbadbf8a11081b60,2019-04-05,66,277,2019
47,Depression & Obsession,XXXTENTACION,,17,https://i.scdn.co/image/ab67616d0000b273203c89bd4391468eea4cc3f5,2017-08-25,74,144,2019
48,Ain't What It Seems,Tyla Yaweh,,Heart Full of Rage,https://i.scdn.co/image/ab67616d0000b2736a59c3251231317dfdb9cd9c,2019-02-22,49,172,2019
49,772 Love,YNW Melly,,772 Love,https://i.scdn.co/image/ab67616d0000b2737fdf28b1a1cd14c3e84dad2b,2017-10-16,73,209,2019
50,Ten More Days,Avicii,,Stories,https://i.scdn.co/image/ab67616d0000b2735393c5d3cac806092a9bc468,2015-10-02,54,245,2019
51,the remedy for a broken heart (why am I so in love),XXXTENTACION,,?,https://i.scdn.co/image/ab67616d0000b273806c160566580d6335d1f16c,2018-03-16,83,160,2019
52,I'm a Mess,Bebe Rexha,,Expectations,https://i.scdn.co/image/ab67616d0000b27361fe6d3a50c0beaa3cfe33e9,2018-06-22,79,195,2019
53,Let Me Down Slowly,Alec Benjamin,,Narrated For You,https://i.scdn.co/image/ab67616d0000b273459d675aa0b6f3b211357370,2018-11-16,85,169,2019
54,Unravel,TK from Ling tosite sigure,,Fantastic Magic,https://i.scdn.co/image/ab67616d0000b2739b340b4f1068ddf6ade20374,2014-08-27,76,238,2019
55,Sauce!,XXXTENTACION,,"XXXTENTACION Presents: Members Only, Vol. 4",https://i.scdn.co/image/ab67616d0000b27365ba84e2771cc90d8192a06a,2019-01-23,66,144,2019
56,The London (feat. J. Cole & Travis Scott),Young Thug,"['J. Cole', 'Travis Scott']",The London (feat. J. Cole & Travis Scott),https://i.scdn.co/image/ab67616d0000b273137c2d3150118e7157800c5b,2019-05-23,78,200,2019
57,Symphony (feat. Zara Larsson),Clean Bandit,['Zara Larsson'],What Is Love? (Deluxe Edition),https://i.scdn.co/image/ab67616d0000b27337fb0680110fbb107740de5d,2018-11-30,75,212,2019
58,Without Me,Halsey,,Without Me,https://i.scdn.co/image/ab67616d0000b273c42acc1b86597285c2c79559,2018-10-04,84,201,2019
59,Who Shot Johnny?,Tyla Yaweh,,Heart Full of Rage,https://i.scdn.co/image/ab67616d0000b2736a59c3251231317dfdb9cd9c,2019-02-22,58,165,2019
60,Robbery,Juice WRLD,,Death Race For Love,https://i.scdn.co/image/ab67616d0000b273af149eb4002f65f83afc63c4,2019-03-08,89,240,2019
61,Oceans,Waxcat,,Oceans,https://i.scdn.co/image/ab67616d0000b2730f063afecbfa824dce546bd5,2018-12-28,42,260,2019
62,For A Better Day,Avicii,,Stories,https://i.scdn.co/image/ab67616d0000b2735393c5d3cac806092a9bc468,2015-10-02,67,206,2019
63,Adderall,Tyla Yaweh,,Heart Full of Rage,https://i.scdn.co/image/ab67616d0000b2736a59c3251231317dfdb9cd9c,2019-02-22,44,168,2019
64,SLOW DANCING IN THE DARK,Joji,,BALLADS 1,https://i.scdn.co/image/ab67616d0000b27360ba1d6104d0475c7555a6b2,2018-10-26,85,209,2019
65,Don't Pretend (feat. SAFE),Khalid,['SAFE'],Free Spirit,https://i.scdn.co/image/ab67616d0000b273b361ce46dbadbf8a11081b60,2019-04-05,65,165,2019
66,Dangerous,Kardinal Offishall,['Akon'],Not 4 Sale,https://i.scdn.co/image/ab67616d0000b273cedc24abc2e757d13b386d1e,2008-01-01,68,246,2019
67,Wraith Skating (feat. PnB Rock),Tyla Yaweh,['PnB Rock'],Heart Full of Rage,https://i.scdn.co/image/ab67616d0000b2736a59c3251231317dfdb9cd9c,2019-02-22,46,154,2019
68,TEST DRIVE,Joji,,BALLADS 1,https://i.scdn.co/image/ab67616d0000b27360ba1d6104d0475c7555a6b2,2018-10-26,73,179,2019
69,Bad At Love,Halsey,,hopeless fountain kingdom (Deluxe),https://i.scdn.co/image/ab67616d0000b2730f7ad6d8d829906c17cae210,2017-06-02,75,181,2019
70,Swim Good,Frank Ocean,,Swim Good,https://i.scdn.co/image/ab67616d0000b273ebbff7725d3ce0739be01787,2011-01-01,66,257,2019
71,Solo (feat. Demi Lovato),Clean Bandit,['Demi Lovato'],What Is Love? (Deluxe Edition),https://i.scdn.co/image/ab67616d0000b27337fb0680110fbb107740de5d,2018-11-30,73,222,2019
72,No Stylist (feat. Drake),French Montana,['Drake'],No Stylist,https://i.scdn.co/image/ab67616d0000b273816673ed1db2aa75cfa91843,2018-09-20,72,192,2019
73,NUMB,XXXTENTACION,,?,https://i.scdn.co/image/ab67616d0000b273806c160566580d6335d1f16c,2018-03-16,76,186,2019
74,100 Degrees,Rich Brian,,The Sailor,https://i.scdn.co/image/ab67616d0000b2739f49ffe7fe94bdd0f2f98af2,2019-07-26,70,166,2019
75,I.F.L.Y.,Bazzi,,Soul Searching,https://i.scdn.co/image/ab67616d0000b2733a376bd9b9b1f4b2686807db,2019-08-09,83,165,2019
76,Dangerous (feat. Sam Martin),David Guetta,['Sam Martin'],Listen Again,https://i.scdn.co/image/ab67616d0000b273048f37d7b1bba62b93f1009a,2015-11-27,52,203,2019
77,RUNNING OUT OF TIME,"Tyler, The Creator",,IGOR,https://i.scdn.co/image/ab67616d0000b2737005885df706891a3c182a57,2019-05-17,69,177,2019
78,Self Care,Mac Miller,,Swimming,https://i.scdn.co/image/ab67616d0000b273175c577a61aa13d4fb4b6534,2018-08-03,79,345,2019
79,SICKO MODE,Travis Scott,,ASTROWORLD,https://i.scdn.co/image/ab67616d0000b273072e9faef2ef7b6db63834a3,2018-08-03,89,312,2019
80,That Girl,Olly Murs,,24 HRS (Deluxe),https://i.scdn.co/image/ab67616d0000b273b3661a089bc89defa235def3,2016-11-11,56,176,2019
81,Going Bad (feat. Drake),Meek Mill,['Drake'],Championships,https://i.scdn.co/image/ab67616d0000b273cd63c5962050729d260077d6,2018-11-30,83,180,2019
82,They Ain't You,Tyla Yaweh,,Heart Full of Rage,https://i.scdn.co/image/ab67616d0000b2736a59c3251231317dfdb9cd9c,2019-02-22,61,167,2019
83,CAN'T GET OVER YOU (feat. Clams Casino),Joji,['Clams Casino'],BALLADS 1,https://i.scdn.co/image/ab67616d0000b27360ba1d6104d0475c7555a6b2,2018-10-26,75,107,2019
84,Mixed Personalities (feat. Kanye West),YNW Melly,['Kanye West'],We All Shine,https://i.scdn.co/image/ab67616d0000b27318fe5f786c4a429f47b1b253,2019-01-18,76,230,2019
85,Lonely Together - Acoustic,Avicii,['Rita Ora'],Lonely Together (Acoustic),https://i.scdn.co/image/ab67616d0000b273464ba9fb0932f5bafba1d3b9,2017-10-27,56,182,2019
86,Chiquita,Tyla Yaweh,,Heart Full of Rage,https://i.scdn.co/image/ab67616d0000b2736a59c3251231317dfdb9cd9c,2019-02-22,48,155,2019
87,ATTENTION,Joji,,BALLADS 1,https://i.scdn.co/image/ab67616d0000b27360ba1d6104d0475c7555a6b2,2018-10-26,71,128,2019
88,Rockabye (feat. Sean Paul & Anne-Marie),Clean Bandit,"['Sean Paul', 'Anne-Marie']",What Is Love? (Deluxe Edition),https://i.scdn.co/image/ab67616d0000b27337fb0680110fbb107740de5d,2018-11-30,70,251,2019
89,Rollin (feat. Future & Khalid),Calvin Harris,"['Future', 'Khalid', 'Funk Wav']",Funk Wav Bounces Vol.1,https://i.scdn.co/image/ab67616d0000b2734d3fa5ce7ba599f4fd7803ef,2017-06-30,64,272,2019
90,Novacane,Tyla Yaweh,,Heart Full of Rage,https://i.scdn.co/image/ab67616d0000b2736a59c3251231317dfdb9cd9c,2019-02-22,51,211,2019
91,Swim,Alec Benjamin,,Narrated For You,https://i.scdn.co/image/ab67616d0000b273459d675aa0b6f3b211357370,2018-11-16,61,144,2019
92,"Recognize (with Mercer, feat. Majid Jordan) - Mercer Remix",DJ Snake,"['Mercer', 'Majid Jordan']","Recognize (with Mercer, feat. Majid Jordan) [Mercer Remix]",https://i.scdn.co/image/ab67616d0000b2738da21c0da6566b926b7dea6b,2019-09-27,46,276,2019
93,Swervin (feat. 6ix9ine),A Boogie Wit da Hoodie,['6ix9ine'],Hoodie SZN,https://i.scdn.co/image/ab67616d0000b273dcfadea246002a5c0fd7b1b8,2018-12-21,82,189,2019
94,The Way I Are,Timbaland,"['Keri Hilson', 'D.O.E.']",Shock Value,https://i.scdn.co/image/ab67616d0000b2734ed674ab91bdc566534f9285,2007-01-01,75,179,2019
95,Ocean (feat. Khalid),Martin Garrix,['Khalid'],Ocean (feat. Khalid),https://i.scdn.co/image/ab67616d0000b273b800b91af812df0ce0dd2883,2018-06-15,73,216,2019
96,Calling My Spirit,Kodak Black,,Dying to Live,https://i.scdn.co/image/ab67616d0000b273f9508eb3070b95ceeb82788b,2018-12-14,73,152,2019
97,"Heatstroke (feat. Young Thug, Pharrell Williams & Ariana Grande)",Calvin Harris,"['Young Thug', 'Pharrell Williams', 'Ariana Grande', 'Funk Wav']",Funk Wav Bounces Vol.1,https://i.scdn.co/image/ab67616d0000b2734d3fa5ce7ba599f4fd7803ef,2017-06-30,59,229,2019
98,sand castles,Fujitsu,,corals 2,https://i.scdn.co/image/ab67616d0000b2734a22c258883ab16e7250850d,2018-09-21,59,147,2019
99,Mo Bamba,Sheck Wes,,MUDBOY,https://i.scdn.co/image/ab67616d0000b27359cd47039c5b10ed919fbaa8,2018-10-05,79,183,2019
100,SAD!,XXXTENTACION,,SAD!,https://i.scdn.co/image/ab67616d0000b273258871cc2f0e5d66e28b30c6,2018-03-02,1,166,2018
101,HandClap,Fitz and The Tantrums,,Fitz and The Tantrums,https://i.scdn.co/image/ab67616d0000b27358c4833cc8b1a3d6e4890940,2016-06-10,66,193,2018
102,Don't Leave Me,BTS,,FACE YOURSELF,https://i.scdn.co/image/ab67616d0000b2737df155730d4d753560ec28a5,2018-04-04,69,227,2018
103,Find Your Love,Drake,,Thank Me Later,https://i.scdn.co/image/ab67616d0000b27311b21e8b868800918d21bb77,2010-01-01,61,208,2018
104,Youngblood,5 Seconds of Summer,,Youngblood (Deluxe),https://i.scdn.co/image/ab67616d0000b27341aa6776dc15fbd71a2b4557,2018-06-15,83,203,2018
105,Shape of You,Ed Sheeran,,÷ (Deluxe),https://i.scdn.co/image/ab67616d0000b273ba5db46f4b838ef6027e6f96,2017-03-03,86,233,2018
106,Quit (feat. Ariana Grande),Cashmere Cat,['Ariana Grande'],9,https://i.scdn.co/image/ab67616d0000b273747de7362e80274878719786,2017-04-28,69,258,2018
107,Self Care,Mac Miller,,Swimming,https://i.scdn.co/image/ab67616d0000b273175c577a61aa13d4fb4b6534,2018-08-03,79,345,2018
108,All The Stars (with SZA),Kendrick Lamar,['SZA'],Black Panther The Album Music From And Inspired By,https://i.scdn.co/image/ab67616d0000b273c027ad28821777b00dcaa888,2018-02-09,79,232,2018
109,Hi Bich,Bhad Bhabie,,Hi Bich,https://i.scdn.co/image/ab67616d0000b27344b518e6f15272e5969a52a2,2017-09-21,54,104,2018
110,Novacane,Frank Ocean,,Novacane,https://i.scdn.co/image/ab67616d0000b27359a428dc7ef8e0c12b0fe18a,2011-01-01,71,302,2018
111,Smells Like Teen Spirit,Nirvana,,Nevermind (Remastered),https://i.scdn.co/image/ab67616d0000b273e175a19e530c898d167d39bf,1991-09-26,75,301,2018
112,Neon Guts (feat. Pharrell Williams),Lil Uzi Vert,['Pharrell Williams'],Luv Is Rage 2 (Deluxe),https://i.scdn.co/image/ab67616d0000b2730d5a84e4e47399d2726c330c,2017-11-17,56,258,2018
113,Moonlight,XXXTENTACION,,?,https://i.scdn.co/image/ab67616d0000b273806c160566580d6335d1f16c,2018-03-16,86,135,2018
114,Take Care,Drake,['Rihanna'],Take Care,https://i.scdn.co/image/ab67616d0000b273ac0c2daf1867b0d86cca74be,2011-11-15,44,277,2018
115,Redbone,Childish Gambino,,"""Awaken, My Love!""",https://i.scdn.co/image/ab67616d0000b2730b97e56ffad7c6211aa848f8,2016-12-02,4,326,2018
116,All Time Low,Jon Bellion,,The Human Condition,https://i.scdn.co/image/ab67616d0000b273804533fa6608d1c8d420dbeb,2016-06-10,72,217,2018
117,Cry Me a River,Justin Timberlake,,Justified,https://i.scdn.co/image/ab67616d0000b273346a5742374ab4cf9ed32dee,2002-11-04,74,288,2018
118,Despacito - Remix,Luis Fonsi,"['Daddy Yankee', 'Justin Bieber']",Despacito Feat. Justin Bieber (Remix),https://i.scdn.co/image/ab67616d0000b273a6a335d613d151c626895a83,2017-04-17,75,228,2018
119,FAKE LOVE,BTS,,Love Yourself 轉 'Tear',https://i.scdn.co/image/ab67616d0000b27321108e396b83d171cc5c2692,2018-05-18,74,242,2018
120,Perplexing Pegasus,Rae Sremmurd,,Perplexing Pegasus,https://i.scdn.co/image/ab67616d0000b2730c4887060da7f88128376220,2017-08-04,0,204,2018
121,OTW,Khalid,"['6LACK', 'Ty Dolla $ign']",OTW,https://i.scdn.co/image/ab67616d0000b2739766f79668e76238a1c13e2c,2018-04-20,77,263,2018
122,Heart-Shaped Box,Nirvana,,In Utero - 20th Anniversary - Deluxe Edition,https://i.scdn.co/image/ab67616d0000b273aca059cebc1841277db22d1c,1993-09-21,75,281,2018
123,Wow Thing,SEULGI,"['SinB', 'CHUNG HA', 'SOYEON of (G)I-DLE']",Wow Thing,https://i.scdn.co/image/ab67616d0000b27388cdde41f2552db78b94e957,2018-09-28,59,171,2018
124,Revenge,XXXTENTACION,,17,https://i.scdn.co/image/ab67616d0000b273203c89bd4391468eea4cc3f5,2017-08-25,77,120,2018
125,Somebody,The Chainsmokers,['Drew Love'],Sick Boy,https://i.scdn.co/image/ab67616d0000b2739c270aec6b6b968a762b3603,2018-04-20,2,223,2018
126,Style,Taylor Swift,,1989 (Deluxe Edition),https://i.scdn.co/image/ab67616d0000b273332d85510aba3eb28312cfb2,2014-10-27,58,231,2018
127,Swim Good,Frank Ocean,,Swim Good,https://i.scdn.co/image/ab67616d0000b273ebbff7725d3ce0739be01787,2011-01-01,66,257,2018
128,Dangerously,Charlie Puth,,Nine Track Mind,https://i.scdn.co/image/ab67616d0000b2734fe297c018e495a97662e5ac,2016-01-29,57,199,2018
129,Losing My Love,Verzache,,Losing My Love,https://i.scdn.co/image/ab67616d0000b273cccc11016d11255aff3d94ea,2018-01-05,0,173,2018
130,Anpanman,BTS,,Love Yourself 轉 'Tear',https://i.scdn.co/image/ab67616d0000b27321108e396b83d171cc5c2692,2018-05-18,67,232,2018
131,The Man,Ed Sheeran,,x (Deluxe Edition),https://i.scdn.co/image/ab67616d0000b27313b3e37318a0c247b550bccd,2014-06-21,57,250,2018
132,Let Me Love You,DJ Snake,['Justin Bieber'],Encore,https://i.scdn.co/image/ab67616d0000b273212d776c31027c511f0ee3bc,2016-08-05,80,205,2018
133,Elastic Heart,Sia,,1000 Forms Of Fear (Deluxe Version),https://i.scdn.co/image/ab67616d0000b273b55ed804149fffbb5e35ff34,2015-05-04,66,257,2018
134,Unforgettable,French Montana,['Swae Lee'],Jungle Rules,https://i.scdn.co/image/ab67616d0000b2738a31195a371b2233456f6c07,2017-07-14,81,233,2018
135,Jocelyn Flores,XXXTENTACION,,17,https://i.scdn.co/image/ab67616d0000b273203c89bd4391468eea4cc3f5,2017-08-25,88,119,2018
136,Sauce It Up,Lil Uzi Vert,,Luv Is Rage 2 (Deluxe),https://i.scdn.co/image/ab67616d0000b2730d5a84e4e47399d2726c330c,2017-11-17,58,207,2018
137,Supernova,Ansel Elgort,,Supernova,https://i.scdn.co/image/ab67616d0000b273cf814e550f4c4cc2156570b2,2018-01-12,69,191,2018
138,The Monster,Eminem,['Rihanna'],The Marshall Mathers LP2,https://i.scdn.co/image/ab67616d0000b27357195dfe8926f713b21d6cac,2013-11-05,75,250,2018
139,Something Just Like This,The Chainsmokers,['Coldplay'],Something Just Like This,https://i.scdn.co/image/ab67616d0000b273f79b7f08426e2899a832d3e6,2017-02-22,76,247,2018
140,Uma Thurman,Fall Out Boy,,American Beauty/American Psycho,https://i.scdn.co/image/ab67616d0000b2733cf1c1dbcfa3f1ab7282719b,2015-01-20,70,211,2018
141,No Role Modelz,J. Cole,,2014 Forest Hills Drive,https://i.scdn.co/image/ab67616d0000b2736aca031ccc27d2e4dd829d14,2014-12-09,83,292,2018
142,Rockabye (feat. Sean Paul & Anne-Marie),Clean Bandit,"['Sean Paul', 'Anne-Marie']",Rockabye (feat. Sean Paul & Anne-Marie),https://i.scdn.co/image/ab67616d0000b2731431c3bdf16aa99f71799d95,2016-10-21,77,251,2018
143,Feel No Ways,Drake,,Views,https://i.scdn.co/image/ab67616d0000b27382e3e6968e73ec00a9f7861b,2016-05-13,48,240,2018
144,She Will Be Loved,Maroon 5,,Songs About Jane,https://i.scdn.co/image/ab67616d0000b27317b3850d758fff5a2301e537,2002-06-25,74,257,2018
145,Go Legend (& Metro Boomin),Big Sean,"['Metro Boomin', 'Travis Scott']",Double Or Nothing (& Metro Boomin),https://i.scdn.co/image/ab67616d0000b273a921ed2b886e7d154e88d37b,2017-12-08,64,268,2018
146,changes,XXXTENTACION,,?,https://i.scdn.co/image/ab67616d0000b273806c160566580d6335d1f16c,2018-03-16,85,121,2018
147,XO Tour Llif3,Lil Uzi Vert,,Luv Is Rage 2,https://i.scdn.co/image/ab67616d0000b27341b41e6f7924e530a9b00f9c,2017-08-25,84,182,2018
148,Saturnz Barz (feat. Popcaan),Gorillaz,['Popcaan'],Saturnz Barz (feat. Popcaan),https://i.scdn.co/image/ab67616d0000b2737f59b5db2e2051e98985f57d,2017-03-23,48,181,2018
149,Crazy,Gnarls Barkley,,St. Elsewhere,https://i.scdn.co/image/ab67616d0000b273670f4666a378de834285eb33,2006-05-02,73,182,2018
150,Water Under The Bridge,Adele,,25,https://i.scdn.co/image/ab67616d0000b2735ffbbc3dca25d5c81491af1f,2015-11-20,67,240,2018
151,Grenade,Bruno Mars,,Doo-Wops & Hooligans,https://i.scdn.co/image/ab67616d0000b27378c6c624a95d1bd02ba1fa02,2010-10-05,75,223,2018
152,Mercy,Shawn Mendes,,Illuminate (Deluxe),https://i.scdn.co/image/ab67616d0000b273ea3ef7697cfd5705b8f47521,2017-04-20,79,208,2018
153,Wild Things,Alessia Cara,,Know-It-All (Deluxe),https://i.scdn.co/image/ab67616d0000b273e3ae597159d6c2541c4ee61b,2015-11-13,64,188,2018
154,Guillotine,Jon Bellion,['Travis Mendes'],The Human Condition,https://i.scdn.co/image/ab67616d0000b273804533fa6608d1c8d420dbeb,2016-06-10,63,208,2018
155,Rather Be (feat. Jess Glynne),Clean Bandit,['Jess Glynne'],Rather Be (feat. Jess Glynne),https://i.scdn.co/image/ab67616d0000b2737e519297d9876b6afff2ab7b,2014-01-17,73,227,2018
156,Quicksand,SZA,,"Insecure: Music from the HBO Original Series, Season 2",https://i.scdn.co/image/ab67616d0000b273e683466ec5a5a1c3a0a7ed6c,2017-09-08,55,242,2018
157,Everytime We Touch,Cascada,,Everytime We Touch,https://i.scdn.co/image/ab67616d0000b27322985627424b5534a77915c0,2006-04-04,55,196,2018
158,444+222,Lil Uzi Vert,,Luv Is Rage 2 (Deluxe),https://i.scdn.co/image/ab67616d0000b2730d5a84e4e47399d2726c330c,2017-11-17,55,247,2018
159,God's Plan,Drake,,Scary Hours,https://i.scdn.co/image/ab67616d0000b2735e8f046078b784e6f8502008,2018-01-20,4,198,2018
160,Come As You Are,Nirvana,,Nevermind (Remastered),https://i.scdn.co/image/ab67616d0000b273e175a19e530c898d167d39bf,1991-09-26,73,218,2018
161,lovely (with Khalid),Billie Eilish,['Khalid'],lovely (with Khalid),https://i.scdn.co/image/ab67616d0000b2738a3f0a3ca7929dea23cd274c,2018-04-19,89,200,2018
162,Attention,Charlie Puth,,Voicenotes,https://i.scdn.co/image/ab67616d0000b273897f73256b9128a9d70eaf66,2018-05-11,82,208,2018
163,Only You,Zara Larsson,,Only You + Remixes,https://i.scdn.co/image/ab67616d0000b273e501de989e4a4c666813f536,2017-08-11,30,222,2018
164,Let Me Down Slowly,Alec Benjamin,,Let Me Down Slowly,https://i.scdn.co/image/ab67616d0000b27309a88ba53f188d4e09a11b5c,2018-05-25,1,169,2018
165,DNA,BTS,,Love Yourself 承 'Her',https://i.scdn.co/image/ab67616d0000b273f9a16d4b6cd94eca041f00b8,2017-09-18,72,223,2018
166,Undefeated (feat. 21 Savage),A Boogie Wit da Hoodie,['21 Savage'],The Bigger Artist,https://i.scdn.co/image/ab67616d0000b273cdba7ee22968991250725ce1,2017-09-29,56,174,2018
167,What They Want,Russ,,There's Really A Wolf,https://i.scdn.co/image/ab67616d0000b273cb045e684adce8d49ada4045,2017-05-05,81,165,2018
168,Remember Me,Jeremih,,Late Nights: The Album,https://i.scdn.co/image/ab67616d0000b273262c8e955ad5c60b1d0abf53,2015-12-04,59,175,2018
169,Shangri-La,VIXX,,Shangri-La,https://i.scdn.co/image/ab67616d0000b273f90892cf8653b4fc000de692,2017-05-15,5,202,2018
170,My Mistake (feat. Trippz Michaud),Witt Lowry,['Trippz Michaud'],Dreaming With Our Eyes Open,https://i.scdn.co/image/ab67616d0000b2736d88ec011897ff4b46cc3425,2015-09-25,56,264,2018
171,Army of One,Coldplay,,A Head Full of Dreams,https://i.scdn.co/image/ab67616d0000b273e83a9bda48a241b0e2be0d8b,2015-12-04,58,376,2018
172,Location,Khalid,,American Teen,https://i.scdn.co/image/ab67616d0000b273988ede5e1276e758b5f9e577,2017-04-27,81,219,2018
173,Fuck Love (feat. Trippie Redd),XXXTENTACION,['Trippie Redd'],17,https://i.scdn.co/image/ab67616d0000b273203c89bd4391468eea4cc3f5,2017-08-25,84,146,2018
174,I Knew You Were Trouble.,Taylor Swift,,Red (Deluxe Edition),https://i.scdn.co/image/ab67616d0000b273a7613d346501b828b56a0bc3,2012-10-22,59,217,2018
175,From Time,Drake,['Jhené Aiko'],Nothing Was The Same (Deluxe),https://i.scdn.co/image/ab67616d0000b27367ffd8d6bbf399430ba9c044,2013-01-01,1,322,2018
176,Eureka (Feat. Zion.T),ZICO,['Zion.T'],GALLERY,https://i.scdn.co/image/ab67616d0000b2732d9dd985c296ea870340c630,2015-12-07,0,183,2018
177,The Way I Are,Timbaland,,Summer Party,https://i.scdn.co/image/ab67616d0000b27374111098453da03ef275ce36,2008,0,169,2018
178,Head In The Clouds,88rising,['Joji'],Head In The Clouds,https://i.scdn.co/image/ab67616d0000b2734aedbebc17bc6ebccad220e9,2018-07-20,65,178,2018
179,All Mine,Kanye West,,ye,https://i.scdn.co/image/ab67616d0000b27397508a4b756763370510bd44,2018-06-01,3,145,2018
180,Kevin’s Heart,J. Cole,,KOD,https://i.scdn.co/image/ab67616d0000b273e3adf4e49e3f27c7d11735fd,2018-04-19,37,200,2018
181,How Long,Charlie Puth,,How Long,https://i.scdn.co/image/ab67616d0000b273872353e715cccea67fe3de91,2017-10-05,7,198,2018
182,The Way Life Goes (feat. Nicki Minaj & Oh Wonder) - Remix,Lil Uzi Vert,"['Nicki Minaj', 'Oh Wonder']",The Way Life Goes (feat. Nicki Minaj & Oh Wonder) [Remix],https://i.scdn.co/image/ab67616d0000b2734caade913459500ba3b69f1c,2017-11-03,63,268,2018
183,White Sand,Migos,"['Travis Scott', 'Ty Dolla $ign', 'Big Sean']",Culture II,https://i.scdn.co/image/ab67616d0000b2739c188c494d8bfaf895411890,2018-01-26,61,202,2018
184,the remedy for a broken heart (why am I so in love),XXXTENTACION,,?,https://i.scdn.co/image/ab67616d0000b273806c160566580d6335d1f16c,2018-03-16,83,160,2018
185,LOYALTY. FEAT. RIHANNA.,Kendrick Lamar,['Rihanna'],DAMN.,https://i.scdn.co/image/ab67616d0000b2738b52c6b9bc4e43d873869699,2017-04-14,73,227,2018
186,Controlla,Drake,,Views,https://i.scdn.co/image/ab67616d0000b27382e3e6968e73ec00a9f7861b,2016-05-13,60,245,2018
187,Magnolia,Playboi Carti,,Playboi Carti,https://i.scdn.co/image/ab67616d0000b273e31a279d267f3b3d8912e6f1,2017-04-14,76,181,2018
188,Wake Me Up,Avicii,,True,https://i.scdn.co/image/ab67616d0000b2734cfcceb6f9b1aae8752810e7,2013-09-13,85,247,2018
189,Die For You,The Weeknd,,Starboy,https://i.scdn.co/image/ab67616d0000b273a048415db06a5b6fa7ec4e1a,2016-11-24,67,260,2018
190,Chilli Peppers (feat. Majid Jordan),Roy Woods,['Majid Jordan'],Nocturnal,https://i.scdn.co/image/ab67616d0000b273ba895f05221840751a45e3d5,2016-12-23,42,164,2018
191,Symphony (feat. Zara Larsson),Clean Bandit,['Zara Larsson'],Symphony (feat. Zara Larsson),https://i.scdn.co/image/ab67616d0000b2735b1130d050c4cd2295999d85,2017-03-16,77,212,2018
192,LOVE SCENARIO,iKON,,Return,https://i.scdn.co/image/ab67616d0000b273dfe7ae80406e746ff482d026,2018-01-25,74,209,2018
193,Purple Lamborghini,Skrillex,['Rick Ross'],Suicide Squad: The Album,https://i.scdn.co/image/ab67616d0000b273aa0667f20a213b2e56739815,2016-08-05,40,215,2018
194,Low (feat. T-Pain),Flo Rida,['T-Pain'],Mail on Sunday,https://i.scdn.co/image/ab67616d0000b273f9bd7a6c772ac496015be3f8,2008-03-17,80,231,2018
195,Roll in Peace (feat. XXXTENTACION),Kodak Black,['XXXTENTACION'],Project Baby 2: All Grown Up (Deluxe Edition),https://i.scdn.co/image/ab67616d0000b273e8b0c88c44e3165cdbfc3b62,2017-11-24,34,213,2018
196,Loaded,Lil Uzi Vert,,Luv Is Rage 2 (Deluxe),https://i.scdn.co/image/ab67616d0000b273f41ce44cf2d59d8064a5c6a2,2017-11-17,27,219,2018
197,24K Magic,Bruno Mars,,24K Magic,https://i.scdn.co/image/ab67616d0000b273232711f7d66a1e19e89e28c5,2016-11-17,78,225,2018
198,We Don't Talk Anymore (feat. Selena Gomez),Charlie Puth,['Selena Gomez'],Nine Track Mind,https://i.scdn.co/image/ab67616d0000b2734fe297c018e495a97662e5ac,2016-01-29,70,217,2018
199,Talking Body,Tove Lo,,Queen Of The Clouds (Blueprint Edition),https://i.scdn.co/image/ab67616d0000b2735bb90a21a829668b348fa440,2015-10-02,50,238,2018
200,DNA,BTS,,Love Yourself 承 'Her',https://i.scdn.co/image/ab67616d0000b273f9a16d4b6cd94eca041f00b8,2017-09-18,72,223,2017
201,XO TOUR Llif3,Lil Uzi Vert,,XO TOUR Llif3,https://i.scdn.co/image/ab67616d0000b273802ecef306da8144973d4623,2017-03-23,0,182,2017
202,羅生門,Juno Mak,['Kay Tse'],羅生門,https://i.scdn.co/image/ab67616d0000b273a1ed8b77551b4935fdd0b5a8,2015-07-22,52,262,2017
203,Save Me,BTS,,The Most Beautiful Moment in Life: Young Forever,https://i.scdn.co/image/ab67616d0000b273ad7586bf7c4cccada24a36ce,2016-05-02,72,196,2017
204,Stay With Me,CHANYEOL,['Punch'],Guardian (Original Television Soundtrack) Part 1,https://i.scdn.co/image/ab67616d0000b273568c27fd02fc03d0ee39fc04,2016-12-03,25,192,2017
205,FXXK IT,BIGBANG,,MADE,https://i.scdn.co/image/ab67616d0000b2735c2254d6d7618143e23f7fdb,2016-12-13,65,231,2017
206,演員,Joker Xue,,紳士,https://i.scdn.co/image/ab67616d0000b2739d57627ae9b79969a5d87f29,2015-06-08,55,261,2017
207,Still (feat.Crush),Loco,,Still,https://i.scdn.co/image/ab67616d0000b273ae346e8715d613cdfd5ab3e6,2016-11-04,36,276,2017
208,漩渦,Cass Phang,,要多美麗有多美麗,https://i.scdn.co/image/ab67616d0000b273adde4fb70cdd90d201387250,2000-08-21,41,245,2017
209,Blood Sweat & Tears,BTS,,Wings,https://i.scdn.co/image/ab67616d0000b273aabacdacfb6eceeb819c6ed6,2016-10-10,75,217,2017
210,All Time Low,Jon Bellion,,The Human Condition,https://i.scdn.co/image/ab67616d0000b273804533fa6608d1c8d420dbeb,2016-06-10,72,217,2017
211,NEVER,Sons of People,,PRODUCE 101 - 35 Boys 5 Concepts,https://i.scdn.co/image/ab67616d0000b273e165cd99d906d8b44c99264d,2017-06-04,51,196,2017
212,三人遊,Khalil Fong,,橙月,https://i.scdn.co/image/ab67616d0000b273d3bdacbec1e8a16cd4b3f235,2008-12-19,47,237,2017
213,BODY,MINO,,The MOBB,https://i.scdn.co/image/ab67616d0000b2739eced5f513ef7a1b1a7b77a0,2016-09-08,0,199,2017
214,"무제(無題) (Untitled, 2014)",G-DRAGON,,KWON JI YONG,https://i.scdn.co/image/ab67616d0000b2735ac41954199bec07f46af6d2,2017-06-08,63,222,2017
215,Pied Piper,BTS,,Love Yourself 承 'Her',https://i.scdn.co/image/ab67616d0000b273f9a16d4b6cd94eca041f00b8,2017-09-18,74,245,2017
216,Only You,Zara Larsson,,Only You + Remixes,https://i.scdn.co/image/ab67616d0000b273e501de989e4a4c666813f536,2017-08-11,30,222,2017
217,goosebumps,Travis Scott,,Birds In The Trap Sing McKnight,https://i.scdn.co/image/ab67616d0000b273f54b99bf27cda88f4a7403ce,2016-09-16,90,243,2017
218,愛得太遲,Leo Ku,,我生,https://i.scdn.co/image/ab67616d0000b2736d613cc1b426783f8dfab082,2006,37,227,2017
219,Mutual,David Spekter,,Mutual - Single,https://i.scdn.co/image/ab67616d0000b273c91f84b38e98e971ddb7225c,2016-11-25,4,208,2017
220,Redbone,Childish Gambino,,"""Awaken, My Love!""",https://i.scdn.co/image/ab67616d0000b2730b97e56ffad7c6211aa848f8,2016-12-02,4,326,2017
221,I Need U,BTS,,The Most Beautiful Moment in Life: Young Forever,https://i.scdn.co/image/ab67616d0000b273ad7586bf7c4cccada24a36ce,2016-05-02,71,210,2017
222,GOTTA BE YOU,2NE1,,CRUSH,https://i.scdn.co/image/ab67616d0000b273b059522209ead742e37cb1b1,2014-02-27,52,231,2017
223,拯救,孫楠,,缘分的天空,https://i.scdn.co/image/ab67616d0000b2732c1f7796632d9ba2069e6722,2012,11,332,2017
224,Mask Off,Future,,FUTURE,https://i.scdn.co/image/ab67616d0000b273356884f85665ebdd79223fdf,2017-08-04,47,204,2017
225,Shape of You,Ed Sheeran,,Shape of You,https://i.scdn.co/image/ab67616d0000b27383e9b06ccd219248b5301264,2017-01-06,74,233,2017
226,Go Go,BTS,,Love Yourself 承 'Her',https://i.scdn.co/image/ab67616d0000b273f9a16d4b6cd94eca041f00b8,2017-09-18,67,235,2017
227,失戀無罪,A-Lin,,失戀無罪,https://i.scdn.co/image/ab67616d0000b273477599cfd11f3b0d31727288,2006-02-10,43,246,2017
228,In The Time Spent With You,HEIZE,,In The Time Spent With You,https://i.scdn.co/image/ab67616d0000b27344c03f76e4678ac9361abde2,2017-08-26,0,225,2017
229,Gashina,SUNMI,,SUNMI SPECIAL EDITION [Gashina],https://i.scdn.co/image/ab67616d0000b273e33d84e471094fe701f06860,2017-08-22,71,180,2017
230,Let Me Love You,DJ Snake,['Justin Bieber'],Encore,https://i.scdn.co/image/ab67616d0000b273212d776c31027c511f0ee3bc,2016-08-05,80,205,2017
231,Electric Feel,MGMT,,Oracular Spectacular,https://i.scdn.co/image/ab67616d0000b2738b32b139981e79f2ebe005eb,2007-12-14,79,229,2017
232,愛與誠 - Live,Leo Ku,,大雄,https://i.scdn.co/image/ab67616d0000b2733e2f0a8ae713c66dba569cea,2004,45,223,2017
233,大熱,Leslie Cheung,,Forever Leslie,https://i.scdn.co/image/ab67616d0000b2733a6f65e8f55ffd059e5268a8,2010-01-01,19,215,2017
234,Haru Haru,BIGBANG,,Stand Up,https://i.scdn.co/image/ab67616d0000b273875d2f6cbe5ed8a8fd998aa1,2008-08-08,62,256,2017
235,Mercy,Kanye West,"['Big Sean', 'Pusha T', '2 Chainz']",Mercy,https://i.scdn.co/image/ab67616d0000b2732127d038204bc32c416d55e2,2012-01-01,72,329,2017
236,Unforgettable,French Montana,['Swae Lee'],Jungle Rules,https://i.scdn.co/image/ab67616d0000b2738a31195a371b2233456f6c07,2017-07-14,81,233,2017
237,I Like That,SISTAR,,INSANE LOVE,https://i.scdn.co/image/ab67616d0000b2734be0f7bf49f6b31c3dfc42ae,2016-06-21,57,221,2017
238,A.D.H.D,Kendrick Lamar,,Section.80,https://i.scdn.co/image/ab67616d0000b27333d50ba80791b4ed381f5221,2011-07-02,2,215,2017
239,Lights Out,Virginia To Vegas,,Utopian,https://i.scdn.co/image/ab67616d0000b2734cda3612e6f98049ac85e35d,2016-12-02,40,212,2017
240,Slide (feat. Frank Ocean & Migos),Calvin Harris,"['Frank Ocean', 'Migos']",Slide (feat. Frank Ocean & Migos),https://i.scdn.co/image/ab67616d0000b2731e439ac0ed08d612808f7122,2017-02-24,75,230,2017
241,Black Skinhead,Kanye West,,Yeezus,https://i.scdn.co/image/ab67616d0000b2731dacfbc31cc873d132958af9,2013-01-01,75,188,2017
242,Die For You,The Weeknd,,Starboy,https://i.scdn.co/image/ab67616d0000b2734718e2b124f79258be7bc452,2016-11-25,77,260,2017
243,Now and Later,Sage The Gemini,,Now and Later,https://i.scdn.co/image/ab67616d0000b27382d22e1d83fc1045ad33444a,2016-10-14,60,193,2017
244,給我一個理由忘記,A-Lin,,寂寞不痛,https://i.scdn.co/image/ab67616d0000b273e2b0c00178975b04b23691dc,2011-07-08,60,285,2017
245,Devil,SUPER JUNIOR,,DEVIL - SUPER JUNIOR SPECIAL ALBUM,https://i.scdn.co/image/ab67616d0000b2734062ed80116a2f0e22ecc4c1,2015-07-16,0,216,2017
246,Novacane,Frank Ocean,,Novacane,https://i.scdn.co/image/ab67616d0000b27359a428dc7ef8e0c12b0fe18a,2011-01-01,71,302,2017
247,Only You (My Lovely Girl OST),Kim Tae Woo,,Korea OST Top Hits 2014,https://i.scdn.co/image/ab67616d0000b273aeebdf112e211420b2a35058,2014-11-27,37,195,2017
248,HUMBLE.,Kendrick Lamar,,HUMBLE.,https://i.scdn.co/image/ab67616d0000b273429ad98cfac54f942f299376,2017-03-31,0,177,2017
249,Chilli Peppers (feat. Majid Jordan),Roy Woods,['Majid Jordan'],Nocturnal,https://i.scdn.co/image/ab67616d0000b273ba895f05221840751a45e3d5,2016-12-23,42,164,2017
250,HOLUP!,BOBBY,,The MOBB,https://i.scdn.co/image/ab67616d0000b2738091d6902b4aa47c9a092cae,2016-09-07,53,211,2017
251,Eureka (Feat. Zion.T),ZICO,['Zion.T'],GALLERY,https://i.scdn.co/image/ab67616d0000b2732d9dd985c296ea870340c630,2015-12-07,0,183,2017
252,囍帖街,Kay Tse,,Binary,https://i.scdn.co/image/ab67616d0000b27355d0b0cf028aa2876d5100ad,2008-01-01,57,211,2017
253,Controlla,Drake,,Views,https://i.scdn.co/image/ab67616d0000b2739416ed64daf84936d89e671c,2016-05-06,73,245,2017
254,過火,Jeff Chang,,選哲,https://i.scdn.co/image/ab67616d0000b273905c50ecdab71cace03564f1,1998-04-02,39,302,2017
255,Dope,BTS,,The Most Beautiful Moment in Life: Young Forever,https://i.scdn.co/image/ab67616d0000b273ad7586bf7c4cccada24a36ce,2016-05-02,71,240,2017
256,Party Monster,The Weeknd,,Starboy,https://i.scdn.co/image/ab67616d0000b2734718e2b124f79258be7bc452,2016-11-25,73,249,2017
257,HERO,Monsta X,,RUSH,https://i.scdn.co/image/ab67616d0000b2730ccb139549d30d4ed9e70dde,2015-09-07,62,231,2017
258,以後別做朋友,Eric Chou,,以後別做朋友,https://i.scdn.co/image/ab67616d0000b27353ff8639ff0f33017f8fda3a,2014-08-01,46,259,2017
259,wonderful,Travis Scott,,Birds In The Trap Sing McKnight,https://i.scdn.co/image/ab67616d0000b273f54b99bf27cda88f4a7403ce,2016-09-16,70,216,2017
260,Devastated,Joey Bada$$,,Devastated,https://i.scdn.co/image/ab67616d0000b273c3b1a90403facf8eb150fa7b,2016-05-27,0,208,2017
261,Cold Water,Major Lazer,"['Justin Bieber', 'MØ']",Cold Water,https://i.scdn.co/image/ab67616d0000b2733d2ab503fa064e2050a7d115,2016-07-22,69,185,2017
262,Shining (feat. Beyoncé & Jay-Z),DJ Khaled,"['Beyoncé', 'JAY-Z']",Grateful,https://i.scdn.co/image/ab67616d0000b273dcb6a73da1e7f293b875f69c,2017-06-22,59,283,2017
263,天梯,C AllStar,,時日如飛 C AllCollection,https://i.scdn.co/image/ab67616d0000b2739490972e99ecfd4620a1c704,2014-07-01,40,271,2017
264,"越難越愛 - (劇集 ""使徒行者"" 片尾曲)",Jinny Ng,,越難越愛 Love Collection 精選,https://i.scdn.co/image/ab67616d0000b2736fa53262f2038e8ac8daa498,2014-11-27,50,237,2017
265,Middle,DJ Snake,['Bipolar Sunshine'],Encore,https://i.scdn.co/image/ab67616d0000b273212d776c31027c511f0ee3bc,2016-08-05,76,220,2017
266,Trouble Maker,Trouble Maker,,Trouble Maker,https://i.scdn.co/image/ab67616d0000b273ef6b9310f4cef9d603fa8873,2011-12-01,58,219,2017
267,Symphony (feat. Zara Larsson),Clean Bandit,['Zara Larsson'],Symphony (feat. Zara Larsson),https://i.scdn.co/image/ab67616d0000b2735b1130d050c4cd2295999d85,2017-03-16,77,212,2017
268,Bad and Boujee (feat. Lil Uzi Vert),Migos,['Lil Uzi Vert'],Culture,https://i.scdn.co/image/ab67616d0000b27399a8ab6da9d593939302828a,2017-01-27,76,343,2017
269,Claustrophobia (feat. KillaGramz),Sanchez,['KillaGramz'],Claustrophobia (feat. KillaGramz),https://i.scdn.co/image/ab67616d0000b273c224ad8cf79fb622c16c409f,2016-08-11,0,223,2017
270,Down Girl,Roy Woods,,Waking at Dawn,https://i.scdn.co/image/ab67616d0000b273077c02894824ba2bf5eac83d,2016-07-01,56,169,2017
271,愛不需要裝乖 (feat. 王詩安),R-chord,['Diana Wang'],不需要裝乖,https://i.scdn.co/image/ab67616d0000b273e034c95e506814ba6f8db141,2015-06-05,45,232,2017
272,21st Century Girl,BTS,,Wings,https://i.scdn.co/image/ab67616d0000b273aabacdacfb6eceeb819c6ed6,2016-10-10,67,192,2017
273,我不會唱歌,Hacken Lee,,Hacken Lee Friendless Collection,https://i.scdn.co/image/ab67616d0000b273d45bca36f8b7dbb970522f28,2014-01-01,17,201,2017
274,One Dance,Drake,"['WizKid', 'Kyla']",Views,https://i.scdn.co/image/ab67616d0000b2739416ed64daf84936d89e671c,2016-05-06,82,173,2017
275,"Me, Myself & I",G-Eazy,['Bebe Rexha'],When It's Dark Out,https://i.scdn.co/image/ab67616d0000b27398acfa8c055deedc25e6081d,2015-12-04,77,251,2017
276,Monster,EXO,,EX'ACT - The 3rd Album,https://i.scdn.co/image/ab67616d0000b273d0b46a7715244d28bb3edffa,2016-06-09,0,221,2017
277,Cheap Thrills,Sia,,This Is Acting,https://i.scdn.co/image/ab67616d0000b27349e0134c686547c28b7c999f,2016-01-29,78,211,2017
278,Hotline Bling,Drake,,Views,https://i.scdn.co/image/ab67616d0000b27382e3e6968e73ec00a9f7861b,2016-05-13,52,267,2017
279,Swim Good,Frank Ocean,,Swim Good,https://i.scdn.co/image/ab67616d0000b273ebbff7725d3ce0739be01787,2011-01-01,66,257,2017
280,Hate,4Minute,,Act. 7,https://i.scdn.co/image/ab67616d0000b273ef78c553bf66b6eafe35cea1,2016-02-01,0,214,2017
281,Might Not,Belly,['The Weeknd'],Might Not,https://i.scdn.co/image/ab67616d0000b273027f7cb5de626e7fcae5d242,2015-12-18,0,224,2017
282,Heart-Shaped Box,Nirvana,,In Utero - 20th Anniversary - Deluxe Edition,https://i.scdn.co/image/ab67616d0000b273aca059cebc1841277db22d1c,1993-09-21,75,281,2017
283,Bigger Than Me,Big Sean,"['The Flint Chozen Choir', 'Starrah']",I Decided.,https://i.scdn.co/image/ab67616d0000b273e572359074e5da958a922987,2017-02-03,53,292,2017
284,Wyclef Jean,Young Thug,,JEFFERY,https://i.scdn.co/image/ab67616d0000b273d0c72291cd96834e199e1ff8,2016-08-26,66,236,2017
285,愛如潮水,Jeff Chang,,絕對收藏張信哲,https://i.scdn.co/image/ab67616d0000b273b0b492758f8a8bda5af85349,2007-12-10,54,270,2017
286,10 Bands,Drake,,If You're Reading This It's Too Late,https://i.scdn.co/image/ab67616d0000b2732090f4f6cc406e6d3c306733,2015-02-12,65,177,2017
287,Gospel,Rich Brian,"['Keith Ape', 'XXXTENTACION']",Gospel,https://i.scdn.co/image/ab67616d0000b2737fd714104d7f416909ccb0e5,2017-05-12,1,173,2017
288,All About It (feat. Ed Sheeran),Hoodie Allen,['Ed Sheeran'],People Keep Talking,https://i.scdn.co/image/ab67616d0000b273458c5041ad04ffbf4606d453,2014-10-14,45,205,2017
289,Impatient,Jeremih,['Ty Dolla $ign'],Late Nights: The Album,https://i.scdn.co/image/ab67616d0000b273262c8e955ad5c60b1d0abf53,2015-12-04,73,245,2017
290,Black Swan,RAINBOW,,RAINBOW 3rd Mini Album 'INNOCENT',https://i.scdn.co/image/ab67616d0000b273ac0fea4d7e6413f68befb638,2015-02-23,35,217,2017
291,別怕我傷心,Jeff Chang,,絕對收藏張信哲,https://i.scdn.co/image/ab67616d0000b273b0b492758f8a8bda5af85349,2007-12-10,46,286,2017
292,And July (feat. DEAN & DJ Friz),HEIZE,"['Dean', 'DJ Friz']",And July,https://i.scdn.co/image/ab67616d0000b273d16897c024b1dfeb33cabda0,2016-07-18,11,226,2017
293,1-800-273-8255,Logic,"['Alessia Cara', 'Khalid']",Everybody,https://i.scdn.co/image/ab67616d0000b273cfdf40cf325b609a52457805,2017-05-05,80,250,2017
294,你怎麼捨得我難過,黃品源,,男配角的心聲,https://i.scdn.co/image/ab67616d0000b273dfe7ace9aa33b925e15e3b13,1990-06-30,49,293,2017
295,I Don’t Wanna Live Forever (Fifty Shades Darker),ZAYN,['Taylor Swift'],Fifty Shades Darker (Original Motion Picture Soundtrack),https://i.scdn.co/image/ab67616d0000b2735997605214d568d73fd365c2,2017-02-10,70,245,2017
296,Six Feet Under,The Weeknd,,Starboy,https://i.scdn.co/image/ab67616d0000b2734718e2b124f79258be7bc452,2016-11-25,68,237,2017
297,烈火邊緣,Leslie Cheung,,哥哥的歌,https://i.scdn.co/image/ab67616d0000b273638ba94408a5b626b817ece5,2016-09-09,16,222,2017
298,CALL ME BABY,EXO,,The 2nd Album ‘EXODUS’,https://i.scdn.co/image/ab67616d0000b2735cafee60481b5684e9b2d94e,2015-03-30,0,211,2017
299,如果沒有你,Karen Mok,,如果沒有你,https://i.scdn.co/image/ab67616d0000b273bf10556e79f297fd6527f605,2006-04-03,54,287,2017
300,Redbone,Childish Gambino,,Redbone,https://i.scdn.co/image/ab67616d0000b27320f2c5aeee77918bf9ac0dab,2016-11-17,0,326,2016
301,Love Me Now,John Legend,,Love Me Now,https://i.scdn.co/image/ab67616d0000b2733a6b8167adef5b7b752c1554,2016-10-07,59,210,2016
302,BODY,MINO,,The MOBB,https://i.scdn.co/image/ab67616d0000b2739eced5f513ef7a1b1a7b77a0,2016-09-08,0,199,2016
303,Blood Sweat & Tears,BTS,,WINGS,https://i.scdn.co/image/ab67616d0000b273a3c35732f506de61f1de7dcc,2016-10-10,0,217,2016
304,Smells Like Teen Spirit,Nirvana,,Nevermind (Remastered),https://i.scdn.co/image/ab67616d0000b273e175a19e530c898d167d39bf,1991-09-26,75,301,2016
305,The Sharpest Lives,My Chemical Romance,,The Black Parade,https://i.scdn.co/image/ab67616d0000b27317f77fab7e8f18d5f9fee4a1,2006-10-23,64,200,2016
306,Let Me Love You,DJ Snake,['Justin Bieber'],Encore,https://i.scdn.co/image/ab67616d0000b273212d776c31027c511f0ee3bc,2016-08-05,80,205,2016
307,Infinite,Eminem,,Infinite,https://i.scdn.co/image/ab67616d0000b273e64677fa775648c4bcf964fa,1996-11-12,56,251,2016
308,HERO,Monsta X,,RUSH,https://i.scdn.co/image/ab67616d0000b2730ccb139549d30d4ed9e70dde,2015-09-07,62,231,2016
309,Haru Haru,BIGBANG,,Stand Up,https://i.scdn.co/image/ab67616d0000b273f42cae27b199e3c2d49d39c2,2008-08-08,0,256,2016
310,Dead Inside,Muse,,Drones,https://i.scdn.co/image/ab67616d0000b273808846f0223d97d5963c420d,2015-06-04,59,262,2016
311,Famous Last Words,My Chemical Romance,,The Black Parade,https://i.scdn.co/image/ab67616d0000b27317f77fab7e8f18d5f9fee4a1,2006-10-23,71,299,2016
312,House of Memories,Panic! At The Disco,,Death of a Bachelor,https://i.scdn.co/image/ab67616d0000b27323152d9337d6c57b116ed13a,2016-01-15,70,208,2016
313,Cold Water,Major Lazer,"['Justin Bieber', 'MØ']",Cold Water,https://i.scdn.co/image/ab67616d0000b2733d2ab503fa064e2050a7d115,2016-07-22,69,185,2016
314,Devil,SUPER JUNIOR,,DEVIL - SUPER JUNIOR SPECIAL ALBUM,https://i.scdn.co/image/ab67616d0000b2734062ed80116a2f0e22ecc4c1,2015-07-16,0,216,2016
315,Starboy,The Weeknd,['Daft Punk'],Starboy,https://i.scdn.co/image/ab67616d0000b2730b30436953c521c87eb82c75,2016-09-22,0,230,2016
316,Side To Side,Ariana Grande,['Nicki Minaj'],Dangerous Woman,https://i.scdn.co/image/ab67616d0000b2735f9393fda71e7df39b34defd,2016-05-20,78,226,2016
317,Grass Ain't Greener,Chris Brown,,Grass Ain't Greener,https://i.scdn.co/image/ab67616d0000b2731e1ac81a566fc8cdfc01ec19,2016-05-05,23,201,2016
318,HOLUP!,BOBBY,,The MOBB,https://i.scdn.co/image/ab67616d0000b273e7485afe6e4a5613f4fb3b51,2016-09-07,0,211,2016
319,The Mighty Fall,Fall Out Boy,['Big Sean'],Save Rock And Roll,https://i.scdn.co/image/ab67616d0000b27360c84f44c080824ce336e1a1,2013-01-01,50,212,2016
320,21st Century Girl,BTS,,WINGS,https://i.scdn.co/image/ab67616d0000b273a3c35732f506de61f1de7dcc,2016-10-10,0,192,2016
321,Come As You Are,Nirvana,,Nevermind (Remastered),https://i.scdn.co/image/ab67616d0000b273e175a19e530c898d167d39bf,1991-09-26,73,218,2016
322,Everlong,Foo Fighters,,The Colour And The Shape,https://i.scdn.co/image/ab67616d0000b2730389027010b78a5e7dce426b,1997-05-20,78,250,2016
323,Monster,EXO,,EX'ACT - The 3rd Album,https://i.scdn.co/image/ab67616d0000b273d0b46a7715244d28bb3edffa,2016-06-09,0,221,2016
324,Love Light In Flight,Stevie Wonder,,Selections From The Original Soundtrack The Woman In Red,https://i.scdn.co/image/ab67616d0000b2732f5c212a389539c3527d9847,1984-08-28,35,414,2016
325,Blue,BIGBANG,,ALIVE,https://i.scdn.co/image/ab67616d0000b27398004cc50b1404276eec8cae,2013-11-06,0,233,2016
326,All Day,Kanye West,"['Theophilus London', 'Allan Kingdom', 'Paul McCartney']",All Day,https://i.scdn.co/image/ab67616d0000b2734f96137ee493d57977218c2f,2015-03-02,61,310,2016
327,This Is How I Disappear,My Chemical Romance,,The Black Parade,https://i.scdn.co/image/ab67616d0000b27317f77fab7e8f18d5f9fee4a1,2006-10-23,62,239,2016
328,"Sucker for Pain (with Wiz Khalifa, Imagine Dragons, Logic & Ty Dolla $ign feat. X Ambassadors)",Lil Wayne,"['Wiz Khalifa', 'Imagine Dragons', 'X Ambassadors', 'Logic', 'Ty Dolla $ign']",Sucker for Pain (with Logic & Ty Dolla $ign feat. X Ambassadors),https://i.scdn.co/image/ab67616d0000b2737d8dfcfd507069d7f2062caf,2016-06-24,78,243,2016
329,Ni**as In Paris,JAY-Z,['Kanye West'],Watch The Throne (Deluxe),https://i.scdn.co/image/ab67616d0000b27370cf055d00ab1ec0290d3d5a,2011-08-08,36,219,2016
330,Drive,Incubus,,Make Yourself,https://i.scdn.co/image/ab67616d0000b27374fad40214d982351347e46e,1999-10-26,75,232,2016
331,Gold Digger,Kanye West,['Jamie Foxx'],Late Registration,https://i.scdn.co/image/ab67616d0000b273428d2255141c2119409a31b2,2005-09-30,78,207,2016
332,Low Life (feat. The Weeknd),Future,['The Weeknd'],EVOL,https://i.scdn.co/image/ab67616d0000b273626745b3aa04899001a924ad,2016-04-13,75,313,2016
333,PLAYING WITH FIRE,BLACKPINK,,SQUARE TWO,https://i.scdn.co/image/11ead4436422fc871500590cd7f33c52fc46cc00,2016-11-01,0,197,2016
334,Trouble Maker,Trouble Maker,,Trouble Maker,https://i.scdn.co/image/ab67616d0000b273902faf9d62ff8d629d41fad0,2011-01-01,0,219,2016
335,The Pretender,Foo Fighters,,"Echoes, Silence, Patience & Grace",https://i.scdn.co/image/ab67616d0000b27383e260c313dc1ff1f17909cf,2007-09-25,77,269,2016
336,Cold Hard Love,Tory Lanez,,I Told You,https://i.scdn.co/image/ab67616d0000b2739f7ce2227875fd3d645fb5d6,2016-08-19,45,334,2016
337,Starving,Hailee Steinfeld,"['Grey', 'Zedd']",Starving,https://i.scdn.co/image/ab67616d0000b2730506a838892be6229dca857b,2016-07-22,77,181,2016
338,Maps,Maroon 5,,V (Deluxe),https://i.scdn.co/image/ab67616d0000b273df8c14c6ac24390cffd9fea4,2014-09-02,52,189,2016
339,Lift Me Up,OneRepublic,,Oh My My,https://i.scdn.co/image/ab67616d0000b273eedabed826eeb6506a4c700d,2016-12-02,52,226,2016
340,"TKO (feat. J. Cole, A$AP Rocky & Pusha T) - Black Friday Remix",Justin Timberlake,"['J. Cole', 'A$AP Rocky', 'Pusha T']","TKO (feat. J. Cole, A$AP Rocky & Pusha T) [Black Friday Remix]",https://i.scdn.co/image/ab67616d0000b27370e8eeda0c67ef6eec2e9df5,2013-12-11,46,272,2016
341,Hate,4Minute,,Act. 7,https://i.scdn.co/image/ab67616d0000b273ef78c553bf66b6eafe35cea1,2016-02-01,0,214,2016
342,Twin Skeleton's (Hotel In NYC),Fall Out Boy,,American Beauty/American Psycho,https://i.scdn.co/image/ab67616d0000b2733cf1c1dbcfa3f1ab7282719b,2015-01-20,57,220,2016
343,Snow (Hey Oh),Red Hot Chili Peppers,,Snow (Hey Oh),https://i.scdn.co/image/ab67616d0000b2737056328c4d7eee31b3677e98,2006-12-19,63,334,2016
344,Uprising,Muse,,The Resistance,https://i.scdn.co/image/ab67616d0000b273b6d4566db0d12894a1a3b7a2,2009-09-10,76,304,2016
345,How I Feel,Roy Woods,,Waking at Dawn,https://i.scdn.co/image/ab67616d0000b273077c02894824ba2bf5eac83d,2016-07-01,50,223,2016
346,No Shopping,French Montana,['Drake'],No Shopping,https://i.scdn.co/image/ab67616d0000b273d946cdd389938b4baa0d8500,2016-07-16,43,227,2016
347,In Da Club,50 Cent,,Get Rich Or Die Tryin',https://i.scdn.co/image/ab67616d0000b273f7f74100d5cc850e01172cbf,2003-02-06,72,193,2016
348,Mercy,Muse,,Drones,https://i.scdn.co/image/ab67616d0000b273808846f0223d97d5963c420d,2015-06-04,59,231,2016
349,Panda,Desiigner,,Panda,https://i.scdn.co/image/ab67616d0000b273584ad36d1712bc9d51e797ff,2016-02-26,69,247,2016
350,Stay Down,Big Sean,,Dark Sky Paradise,https://i.scdn.co/image/ab67616d0000b27350192d5f728fea13fb3af203,2015-02-24,41,250,2016
351,No Diggity,Chet Faker,,Thinking in Textures,https://i.scdn.co/image/ab67616d0000b273ab81ee12ec1059c6d3ba852c,2012-05-22,29,221,2016
352,Irresistible,Fall Out Boy,,American Beauty/American Psycho,https://i.scdn.co/image/ab67616d0000b2733cf1c1dbcfa3f1ab7282719b,2015-01-20,64,206,2016
353,In Your Pocket,Maroon 5,,V (Deluxe),https://i.scdn.co/image/ab67616d0000b273df8c14c6ac24390cffd9fea4,2014-09-02,41,219,2016
354,Counting Stars,OneRepublic,,Native,https://i.scdn.co/image/ab67616d0000b273e80e7dbce3996a1ae5967751,2014-01-01,74,257,2016
355,Jet Pack Blues,Fall Out Boy,,American Beauty/American Psycho,https://i.scdn.co/image/ab67616d0000b2733cf1c1dbcfa3f1ab7282719b,2015-01-20,58,179,2016
356,Feel Good Inc.,Gorillaz,,Demon Days,https://i.scdn.co/image/ab67616d0000b27319d85a472f328a6ed9b704cf,2005-05-23,82,222,2016
357,I Am A God,Kanye West,,Yeezus,https://i.scdn.co/image/ab67616d0000b2731dacfbc31cc873d132958af9,2013-01-01,58,231,2016
358,Still (feat.Crush),Loco,,Still,https://i.scdn.co/image/ab67616d0000b273ae346e8715d613cdfd5ab3e6,2016-11-04,36,276,2016
359,Not Nice,PARTYNEXTDOOR,,PARTYNEXTDOOR 3 (P3),https://i.scdn.co/image/ab67616d0000b27346b39ced8f129323f46ebb14,2016-08-12,64,202,2016
360,Animals,Maroon 5,,V (Deluxe),https://i.scdn.co/image/ab67616d0000b273df8c14c6ac24390cffd9fea4,2014-09-02,49,231,2016
361,Numb,Linkin Park,,Meteora,https://i.scdn.co/image/ab67616d0000b273b4ad7ebaf4575f120eb3f193,2003-03-24,82,185,2016
362,Oh My My,OneRepublic,['Cassius'],Oh My My,https://i.scdn.co/image/ab67616d0000b273eedabed826eeb6506a4c700d,2016-12-02,45,218,2016
363,Gold,Chet Faker,,Built On Glass,https://i.scdn.co/image/ab67616d0000b27304a76c13e7529a12814e1a10,2014-04-15,30,285,2016
364,Mr. Brightside,The Killers,,Hot Fuss,https://i.scdn.co/image/ab67616d0000b27356a6d6e493a8f338be63fc49,2004-06-15,78,222,2016
365,Party Monster,The Weeknd,,Starboy,https://i.scdn.co/image/ab67616d0000b2734718e2b124f79258be7bc452,2016-11-25,73,249,2016
366,Lucky Strike,Maroon 5,,Overexposed (Deluxe),https://i.scdn.co/image/ab67616d0000b273ce7d499847da02a9cbd1c084,2012-01-01,46,185,2016
367,Paradise - Extended,Big Sean,,Dark Sky Paradise,https://i.scdn.co/image/ab67616d0000b27350192d5f728fea13fb3af203,2015-02-24,55,215,2016
368,Miss Jackson (feat. LOLO),Panic! At The Disco,['LOLO'],"Too Weird to Live, Too Rare to Die!",https://i.scdn.co/image/ab67616d0000b2733d01f39642426b65217fbe21,2013-10-04,68,192,2016
369,One More Night,Maroon 5,,Overexposed (Deluxe),https://i.scdn.co/image/ab67616d0000b273ce7d499847da02a9cbd1c084,2012-01-01,67,219,2016
370,All The Right Moves,OneRepublic,,Waking Up (Deluxe),https://i.scdn.co/image/ab67616d0000b2731315cfbb494b981b3e7f1627,2009-01-01,43,238,2016
371,What I've Done,Linkin Park,,Minutes to Midnight,https://i.scdn.co/image/ab67616d0000b27346e207de66ba06422897f769,2007-05-14,77,205,2016
372,Crazy,Gnarls Barkley,,St. Elsewhere,https://i.scdn.co/image/ab67616d0000b273670f4666a378de834285eb33,2006-05-02,73,182,2016
373,Alone Together,Fall Out Boy,,Save Rock And Roll,https://i.scdn.co/image/ab67616d0000b27360c84f44c080824ce336e1a1,2013-01-01,60,203,2016
374,Heathens,Twenty One Pilots,,Heathens,https://i.scdn.co/image/ab67616d0000b2732ca3ba8f334ca5a5f0312efb,2016-06-16,82,195,2016
375,Superstition,Stevie Wonder,,Number 1's,https://i.scdn.co/image/ab67616d0000b27367daf4d855cb184bb2e98a58,2007-01-01,2,244,2016
376,BURN IT DOWN,Linkin Park,,LIVING THINGS,https://i.scdn.co/image/ab67616d0000b273987fb4c5ec8790e9f637a4a4,2012-06-20,74,230,2016
377,Wherever I Go,OneRepublic,,Oh My My,https://i.scdn.co/image/ab67616d0000b273eedabed826eeb6506a4c700d,2016-12-02,60,169,2016
378,Girl That You Love,Panic! At The Disco,,"Too Weird to Live, Too Rare to Die!",https://i.scdn.co/image/ab67616d0000b2733d01f39642426b65217fbe21,2013-10-04,55,189,2016
379,The Phoenix,Fall Out Boy,,Save Rock And Roll,https://i.scdn.co/image/ab67616d0000b27360c84f44c080824ce336e1a1,2013-01-01,62,244,2016
380,Say You Will,Kanye West,,808s & Heartbreak,https://i.scdn.co/image/ab67616d0000b273346d77e155d854735410ed18,2008-11-24,56,377,2016
381,I Know,Big Sean,['Jhené Aiko'],Dark Sky Paradise,https://i.scdn.co/image/ab67616d0000b27350192d5f728fea13fb3af203,2015-02-24,68,319,2016
382,What Do You Mean?,Justin Bieber,,Purpose (Deluxe),https://i.scdn.co/image/ab67616d0000b273f46b9d202509a8f7384b90de,2015-11-13,78,205,2016
383,Slow Motion,Trey Songz,,Trigga Reloaded,https://i.scdn.co/image/ab67616d0000b273e04293bed7a0440e3eea2de1,2015-06-23,73,197,2016
384,Reminder,The Weeknd,,Starboy,https://i.scdn.co/image/ab67616d0000b2734718e2b124f79258be7bc452,2016-11-25,73,218,2016
385,Sorry,Justin Bieber,,Purpose (Deluxe),https://i.scdn.co/image/ab67616d0000b273f46b9d202509a8f7384b90de,2015-11-13,81,200,2016
386,Backseat Freestyle,Kendrick Lamar,,"good kid, m.A.A.d city (Deluxe)",https://i.scdn.co/image/ab67616d0000b273d58e537cea05c2156792c53d,2012,68,212,2016
387,DARE,Gorillaz,,Demon Days,https://i.scdn.co/image/ab67616d0000b27319d85a472f328a6ed9b704cf,2005-05-23,74,244,2016
388,What They Want,Russ,,What They Want,https://i.scdn.co/image/ab67616d0000b273080e8fb1860d37b2221292e4,2016-07-28,57,165,2016
389,LOST IN THE ECHO,Linkin Park,,LIVING THINGS,https://i.scdn.co/image/ab67616d0000b273987fb4c5ec8790e9f637a4a4,2012-06-20,66,205,2016
390,"Bitch, Don’t Kill My Vibe - Remix",Kendrick Lamar,['JAY-Z'],"good kid, m.A.A.d city (Deluxe)",https://i.scdn.co/image/ab67616d0000b273d58e537cea05c2156792c53d,2012,61,278,2016
391,Black Beatles,Rae Sremmurd,['Gucci Mane'],SremmLife 2 (Deluxe),https://i.scdn.co/image/ab67616d0000b273881fb62d913fe712fc2e1c95,2016-08-12,76,291,2016
392,Where Are Ü Now (with Justin Bieber),Jack Ü,"['Skrillex', 'Diplo', 'Justin Bieber']",Skrillex and Diplo present Jack Ü,https://i.scdn.co/image/ab67616d0000b27357fc4730e06c9ab20c1e073b,2015-02-24,75,250,2016
393,If I Lose Myself - Alesso vs OneRepublic,OneRepublic,['Alesso'],Native,https://i.scdn.co/image/ab67616d0000b273e80e7dbce3996a1ae5967751,2014-01-01,59,214,2016
394,Swimming Pools (Drank) - Extended Version,Kendrick Lamar,,"good kid, m.A.A.d city (Deluxe)",https://i.scdn.co/image/ab67616d0000b273d58e537cea05c2156792c53d,2012,67,313,2016
395,Used to This (feat. Drake),Future,['Drake'],Used to This (feat. Drake),https://i.scdn.co/image/ab67616d0000b27351baf4fcd5c7b309ed3d4bcc,2016-11-04,59,180,2016
396,Payphone,Maroon 5,['Wiz Khalifa'],Overexposed (Deluxe),https://i.scdn.co/image/ab67616d0000b273ce7d499847da02a9cbd1c084,2012-01-01,53,231,2016
397,Do You Feel It?,Chaos Chaos,,Committed to the Crime,https://i.scdn.co/image/ab67616d0000b2732d50a845cd4b8d7863320bff,2014-10-07,62,250,2016
398,The End.,My Chemical Romance,,The Black Parade / Living with Ghosts (The 10th Anniversary Edition),https://i.scdn.co/image/ab67616d0000b2739a3e7d0c38c3af225e4695ce,2016-09-23,45,112,2016
399,IV. Sweatpants,Childish Gambino,,Because The Internet,https://i.scdn.co/image/ab67616d0000b27354ce59f0a3c40d1942f6e86a,2013-01-01,1,180,2016
